Date,Month,MonthNumber,Year,Quarter
2025-01-01,Jan,1,2025,Q1
2025-01-02,Jan,1,2025,Q1
2025-01-03,Jan,1,2025,Q1
2025-01-04,Jan,1,2025,Q1
2025-01-05,Jan,1,2025,Q1
2025-01-06,Jan,1,2025,Q1
2025-01-07,Jan,1,2025,Q1
2025-01-08,Jan,1,2025,Q1
2025-01-09,Jan,1,2025,Q1
2025-01-10,Jan,1,2025,Q1
2025-01-11,Jan,1,2025,Q1
2025-01-12,Jan,1,2025,Q1
2025-01-13,Jan,1,2025,Q1
2025-01-14,Jan,1,2025,Q1
2025-01-15,Jan,1,2025,Q1
2025-01-16,Jan,1,2025,Q1
2025-01-17,Jan,1,2025,Q1
2025-01-18,Jan,1,2025,Q1
2025-01-19,Jan,1,2025,Q1
2025-01-20,Jan,1,2025,Q1
2025-01-21,Jan,1,2025,Q1
2025-01-22,Jan,1,2025,Q1
2025-01-23,Jan,1,2025,Q1
2025-01-24,Jan,1,2025,Q1
2025-01-25,Jan,1,2025,Q1
2025-01-26,Jan,1,2025,Q1
2025-01-27,Jan,1,2025,Q1
2025-01-28,Jan,1,2025,Q1
2025-01-29,Jan,1,2025,Q1
2025-01-30,Jan,1,2025,Q1
2025-01-31,Jan,1,2025,Q1
2025-02-01,Feb,2,2025,Q1
2025-02-02,Feb,2,2025,Q1
2025-02-03,Feb,2,2025,Q1
2025-02-04,Feb,2,2025,Q1
2025-02-05,Feb,2,2025,Q1
2025-02-06,Feb,2,2025,Q1
2025-02-07,Feb,2,2025,Q1
2025-02-08,Feb,2,2025,Q1
2025-02-09,Feb,2,2025,Q1
2025-02-10,Feb,2,2025,Q1
2025-02-11,Feb,2,2025,Q1
2025-02-12,Feb,2,2025,Q1
2025-02-13,Feb,2,2025,Q1
2025-02-14,Feb,2,2025,Q1
2025-02-15,Feb,2,2025,Q1
2025-02-16,Feb,2,2025,Q1
2025-02-17,Feb,2,2025,Q1
2025-02-18,Feb,2,2025,Q1
2025-02-19,Feb,2,2025,Q1
2025-02-20,Feb,2,2025,Q1
2025-02-21,Feb,2,2025,Q1
2025-02-22,Feb,2,2025,Q1
2025-02-23,Feb,2,2025,Q1
2025-02-24,Feb,2,2025,Q1
2025-02-25,Feb,2,2025,Q1
2025-02-26,Feb,2,2025,Q1
2025-02-27,Feb,2,2025,Q1
2025-02-28,Feb,2,2025,Q1
2025-03-01,Mar,3,2025,Q1
2025-03-02,Mar,3,2025,Q1
2025-03-03,Mar,3,2025,Q1
2025-03-04,Mar,3,2025,Q1
2025-03-05,Mar,3,2025,Q1
2025-03-06,Mar,3,2025,Q1
2025-03-07,Mar,3,2025,Q1
2025-03-08,Mar,3,2025,Q1
2025-03-09,Mar,3,2025,Q1
2025-03-10,Mar,3,2025,Q1
2025-03-11,Mar,3,2025,Q1
2025-03-12,Mar,3,2025,Q1
2025-03-13,Mar,3,2025,Q1
2025-03-14,Mar,3,2025,Q1
2025-03-15,Mar,3,2025,Q1
2025-03-16,Mar,3,2025,Q1
2025-03-17,Mar,3,2025,Q1
2025-03-18,Mar,3,2025,Q1
2025-03-19,Mar,3,2025,Q1
2025-03-20,Mar,3,2025,Q1
2025-03-21,Mar,3,2025,Q1
2025-03-22,Mar,3,2025,Q1
2025-03-23,Mar,3,2025,Q1
2025-03-24,Mar,3,2025,Q1
2025-03-25,Mar,3,2025,Q1
2025-03-26,Mar,3,2025,Q1
2025-03-27,Mar,3,2025,Q1
2025-03-28,Mar,3,2025,Q1
2025-03-29,Mar,3,2025,Q1
2025-03-30,Mar,3,2025,Q1
2025-03-31,Mar,3,2025,Q1
2025-04-01,Apr,4,2025,Q2
2025-04-02,Apr,4,2025,Q2
2025-04-03,Apr,4,2025,Q2
2025-04-04,Apr,4,2025,Q2
2025-04-05,Apr,4,2025,Q2
2025-04-06,Apr,4,2025,Q2
2025-04-07,Apr,4,2025,Q2
2025-04-08,Apr,4,2025,Q2
2025-04-09,Apr,4,2025,Q2
2025-04-10,Apr,4,2025,Q2
2025-04-11,Apr,4,2025,Q2
2025-04-12,Apr,4,2025,Q2
2025-04-13,Apr,4,2025,Q2
2025-04-14,Apr,4,2025,Q2
2025-04-15,Apr,4,2025,Q2
2025-04-16,Apr,4,2025,Q2
2025-04-17,Apr,4,2025,Q2
2025-04-18,Apr,4,2025,Q2
2025-04-19,Apr,4,2025,Q2
2025-04-20,Apr,4,2025,Q2
2025-04-21,Apr,4,2025,Q2
2025-04-22,Apr,4,2025,Q2
2025-04-23,Apr,4,2025,Q2
2025-04-24,Apr,4,2025,Q2
2025-04-25,Apr,4,2025,Q2
2025-04-26,Apr,4,2025,Q2
2025-04-27,Apr,4,2025,Q2
2025-04-28,Apr,4,2025,Q2
2025-04-29,Apr,4,2025,Q2
2025-04-30,Apr,4,2025,Q2
2025-05-01,May,5,2025,Q2
2025-05-02,May,5,2025,Q2
2025-05-03,May,5,2025,Q2
2025-05-04,May,5,2025,Q2
2025-05-05,May,5,2025,Q2
2025-05-06,May,5,2025,Q2
2025-05-07,May,5,2025,Q2
2025-05-08,May,5,2025,Q2
2025-05-09,May,5,2025,Q2
2025-05-10,May,5,2025,Q2
2025-05-11,May,5,2025,Q2
2025-05-12,May,5,2025,Q2
2025-05-13,May,5,2025,Q2
2025-05-14,May,5,2025,Q2
2025-05-15,May,5,2025,Q2
2025-05-16,May,5,2025,Q2
2025-05-17,May,5,2025,Q2
2025-05-18,May,5,2025,Q2
2025-05-19,May,5,2025,Q2
2025-05-20,May,5,2025,Q2
2025-05-21,May,5,2025,Q2
2025-05-22,May,5,2025,Q2
2025-05-23,May,5,2025,Q2
2025-05-24,May,5,2025,Q2
2025-05-25,May,5,2025,Q2
2025-05-26,May,5,2025,Q2
2025-05-27,May,5,2025,Q2
2025-05-28,May,5,2025,Q2
2025-05-29,May,5,2025,Q2
2025-05-30,May,5,2025,Q2
2025-05-31,May,5,2025,Q2
2025-06-01,Jun,6,2025,Q2
2025-06-02,Jun,6,2025,Q2
2025-06-03,Jun,6,2025,Q2
2025-06-04,Jun,6,2025,Q2
2025-06-05,Jun,6,2025,Q2
2025-06-06,Jun,6,2025,Q2
2025-06-07,Jun,6,2025,Q2
2025-06-08,Jun,6,2025,Q2
2025-06-09,Jun,6,2025,Q2
2025-06-10,Jun,6,2025,Q2
2025-06-11,Jun,6,2025,Q2
2025-06-12,Jun,6,2025,Q2
2025-06-13,Jun,6,2025,Q2
2025-06-14,Jun,6,2025,Q2
2025-06-15,Jun,6,2025,Q2
2025-06-16,Jun,6,2025,Q2
2025-06-17,Jun,6,2025,Q2
2025-06-18,Jun,6,2025,Q2
2025-06-19,Jun,6,2025,Q2
2025-06-20,Jun,6,2025,Q2
2025-06-21,Jun,6,2025,Q2
2025-06-22,Jun,6,2025,Q2
2025-06-23,Jun,6,2025,Q2
2025-06-24,Jun,6,2025,Q2
2025-06-25,Jun,6,2025,Q2
2025-06-26,Jun,6,2025,Q2
2025-06-27,Jun,6,2025,Q2
2025-06-28,Jun,6,2025,Q2
2025-06-29,Jun,6,2025,Q2
2025-06-30,Jun,6,2025,Q2
2025-07-01,Jul,7,2025,Q3
2025-07-02,Jul,7,2025,Q3
2025-07-03,Jul,7,2025,Q3
2025-07-04,Jul,7,2025,Q3
2025-07-05,Jul,7,2025,Q3
2025-07-06,Jul,7,2025,Q3
2025-07-07,Jul,7,2025,Q3
2025-07-08,Jul,7,2025,Q3
2025-07-09,Jul,7,2025,Q3
2025-07-10,Jul,7,2025,Q3
2025-07-11,Jul,7,2025,Q3
2025-07-12,Jul,7,2025,Q3
2025-07-13,Jul,7,2025,Q3
2025-07-14,Jul,7,2025,Q3
2025-07-15,Jul,7,2025,Q3
2025-07-16,Jul,7,2025,Q3
2025-07-17,Jul,7,2025,Q3
2025-07-18,Jul,7,2025,Q3
2025-07-19,Jul,7,2025,Q3
2025-07-20,Jul,7,2025,Q3
2025-07-21,Jul,7,2025,Q3
2025-07-22,Jul,7,2025,Q3
2025-07-23,Jul,7,2025,Q3
2025-07-24,Jul,7,2025,Q3
2025-07-25,Jul,7,2025,Q3
2025-07-26,Jul,7,2025,Q3
2025-07-27,Jul,7,2025,Q3
2025-07-28,Jul,7,2025,Q3
2025-07-29,Jul,7,2025,Q3
2025-07-30,Jul,7,2025,Q3
2025-07-31,Jul,7,2025,Q3
2025-08-01,Aug,8,2025,Q3
2025-08-02,Aug,8,2025,Q3
2025-08-03,Aug,8,2025,Q3
2025-08-04,Aug,8,2025,Q3
2025-08-05,Aug,8,2025,Q3
2025-08-06,Aug,8,2025,Q3
2025-08-07,Aug,8,2025,Q3
2025-08-08,Aug,8,2025,Q3
2025-08-09,Aug,8,2025,Q3
2025-08-10,Aug,8,2025,Q3
2025-08-11,Aug,8,2025,Q3
2025-08-12,Aug,8,2025,Q3
2025-08-13,Aug,8,2025,Q3
2025-08-14,Aug,8,2025,Q3
2025-08-15,Aug,8,2025,Q3
2025-08-16,Aug,8,2025,Q3
2025-08-17,Aug,8,2025,Q3
2025-08-18,Aug,8,2025,Q3
2025-08-19,Aug,8,2025,Q3
2025-08-20,Aug,8,2025,Q3
2025-08-21,Aug,8,2025,Q3
2025-08-22,Aug,8,2025,Q3
2025-08-23,Aug,8,2025,Q3
2025-08-24,Aug,8,2025,Q3
2025-08-25,Aug,8,2025,Q3
2025-08-26,Aug,8,2025,Q3
2025-08-27,Aug,8,2025,Q3
2025-08-28,Aug,8,2025,Q3
2025-08-29,Aug,8,2025,Q3
2025-08-30,Aug,8,2025,Q3
2025-08-31,Aug,8,2025,Q3
2025-09-01,Sep,9,2025,Q3
2025-09-02,Sep,9,2025,Q3
2025-09-03,Sep,9,2025,Q3
2025-09-04,Sep,9,2025,Q3
2025-09-05,Sep,9,2025,Q3
2025-09-06,Sep,9,2025,Q3
2025-09-07,Sep,9,2025,Q3
2025-09-08,Sep,9,2025,Q3
2025-09-09,Sep,9,2025,Q3
2025-09-10,Sep,9,2025,Q3
2025-09-11,Sep,9,2025,Q3
2025-09-12,Sep,9,2025,Q3
2025-09-13,Sep,9,2025,Q3
2025-09-14,Sep,9,2025,Q3
2025-09-15,Sep,9,2025,Q3
2025-09-16,Sep,9,2025,Q3
2025-09-17,Sep,9,2025,Q3
2025-09-18,Sep,9,2025,Q3
2025-09-19,Sep,9,2025,Q3
2025-09-20,Sep,9,2025,Q3
2025-09-21,Sep,9,2025,Q3
2025-09-22,Sep,9,2025,Q3
2025-09-23,Sep,9,2025,Q3
2025-09-24,Sep,9,2025,Q3
2025-09-25,Sep,9,2025,Q3
2025-09-26,Sep,9,2025,Q3
2025-09-27,Sep,9,2025,Q3
2025-09-28,Sep,9,2025,Q3
2025-09-29,Sep,9,2025,Q3
2025-09-30,Sep,9,2025,Q3
2025-10-01,Oct,10,2025,Q4
2025-10-02,Oct,10,2025,Q4
2025-10-03,Oct,10,2025,Q4
2025-10-04,Oct,10,2025,Q4
2025-10-05,Oct,10,2025,Q4
2025-10-06,Oct,10,2025,Q4
2025-10-07,Oct,10,2025,Q4
2025-10-08,Oct,10,2025,Q4
2025-10-09,Oct,10,2025,Q4
2025-10-10,Oct,10,2025,Q4
2025-10-11,Oct,10,2025,Q4
2025-10-12,Oct,10,2025,Q4
2025-10-13,Oct,10,2025,Q4
2025-10-14,Oct,10,2025,Q4
2025-10-15,Oct,10,2025,Q4
2025-10-16,Oct,10,2025,Q4
2025-10-17,Oct,10,2025,Q4
2025-10-18,Oct,10,2025,Q4
2025-10-19,Oct,10,2025,Q4
2025-10-20,Oct,10,2025,Q4
2025-10-21,Oct,10,2025,Q4
2025-10-22,Oct,10,2025,Q4
2025-10-23,Oct,10,2025,Q4
2025-10-24,Oct,10,2025,Q4
2025-10-25,Oct,10,2025,Q4
2025-10-26,Oct,10,2025,Q4
2025-10-27,Oct,10,2025,Q4
2025-10-28,Oct,10,2025,Q4
2025-10-29,Oct,10,2025,Q4
2025-10-30,Oct,10,2025,Q4
2025-10-31,Oct,10,2025,Q4
2025-11-01,Nov,11,2025,Q4
2025-11-02,Nov,11,2025,Q4
2025-11-03,Nov,11,2025,Q4
2025-11-04,Nov,11,2025,Q4
2025-11-05,Nov,11,2025,Q4
2025-11-06,Nov,11,2025,Q4
2025-11-07,Nov,11,2025,Q4
2025-11-08,Nov,11,2025,Q4
2025-11-09,Nov,11,2025,Q4
2025-11-10,Nov,11,2025,Q4
2025-11-11,Nov,11,2025,Q4
2025-11-12,Nov,11,2025,Q4
2025-11-13,Nov,11,2025,Q4
2025-11-14,Nov,11,2025,Q4
2025-11-15,Nov,11,2025,Q4
2025-11-16,Nov,11,2025,Q4
2025-11-17,Nov,11,2025,Q4
2025-11-18,Nov,11,2025,Q4
2025-11-19,Nov,11,2025,Q4
2025-11-20,Nov,11,2025,Q4
2025-11-21,Nov,11,2025,Q4
2025-11-22,Nov,11,2025,Q4
2025-11-23,Nov,11,2025,Q4
2025-11-24,Nov,11,2025,Q4
2025-11-25,Nov,11,2025,Q4
2025-11-26,Nov,11,2025,Q4
2025-11-27,Nov,11,2025,Q4
2025-11-28,Nov,11,2025,Q4
2025-11-29,Nov,11,2025,Q4
2025-11-30,Nov,11,2025,Q4
2025-12-01,Dec,12,2025,Q4
2025-12-02,Dec,12,2025,Q4
2025-12-03,Dec,12,2025,Q4
2025-12-04,Dec,12,2025,Q4
2025-12-05,Dec,12,2025,Q4
2025-12-06,Dec,12,2025,Q4
2025-12-07,Dec,12,2025,Q4
2025-12-08,Dec,12,2025,Q4
2025-12-09,Dec,12,2025,Q4
2025-12-10,Dec,12,2025,Q4
2025-12-11,Dec,12,2025,Q4
2025-12-12,Dec,12,2025,Q4
2025-12-13,Dec,12,2025,Q4
2025-12-14,Dec,12,2025,Q4
2025-12-15,Dec,12,2025,Q4
2025-12-16,Dec,12,2025,Q4
2025-12-17,Dec,12,2025,Q4
2025-12-18,Dec,12,2025,Q4
2025-12-19,Dec,12,2025,Q4
2025-12-20,Dec,12,2025,Q4
2025-12-21,Dec,12,2025,Q4
2025-12-22,Dec,12,2025,Q4
2025-12-23,Dec,12,2025,Q4
2025-12-24,Dec,12,2025,Q4
2025-12-25,Dec,12,2025,Q4
2025-12-26,Dec,12,2025,Q4
2025-12-27,Dec,12,2025,Q4
2025-12-28,Dec,12,2025,Q4
2025-12-29,Dec,12,2025,Q4
2025-12-30,Dec,12,2025,Q4
2025-12-31,Dec,12,2025,Q4
